kg,local_id,ns,country,year,name,lon,lat,activity
1.0,000000347.Facility,CH.CAED,CH,2020,Services industriels de Genève - Activité DiE,6.1041,46.20669999946369,1(c)
1.65,000000347.Facility,CH.CAED,CH,2019,Services industriels de Genève - Activité DiE,6.1041,46.20669999946369,1(c)
2.0,CZ17072209.FACILITY,CZ.MZP.J634,CZ,2019,Jaderná elektrárna Dukovany,16.1478864194444,49.08525889946878,
2.4,000000347.Facility,CH.CAED,CH,2018,Services industriels de Genève - Activité DiE,6.1041,46.20669999946369,1(c)
4.5,CZ01150875.FACILITY,CZ.MZP.H525,CZ,2018,Tyco Komenského,15.907425,50.56256388836237,
50.0,200000439.Facility,UK.SEPA,GB,2014,Semefab Ltd,-3.14143,56.18609999950396,4(b)(i)
50.0,290151001.FACILITY,IT.CAED,IT,2011,ENEL PRODUZIONE SPA - CENTRALE DI LA CASELLA,9.480333000000002,45.09088199946317,1(c)
50.0,481231006.FACILITY,IT.CAED,IT,2022,EniPower  stabilimento di Ravenna,12.236944,44.44861099946323,1(c)
50.0,Scotland-200.FACILITY,GB.EEA,GB,2009,"Kelvin Electronics Works, East Kilbride",-4.16728,55.74789999950087,4(b)(v)
50.4,200000201.Facility,UK.SEPA,GB,2017,"Texas Instruments (UK) Ltd, Greenock",-4.83438,55.94379999950224,4(b)(ii)
50.5,000531001.FACILITY,IT.CAED,IT,2017,TIRRENO POWER S.p.A.,11.768333,42.12111099946572,1(c)
50.8,P0052_04A.FACILITY,UK.CAED,GB,2014,Lafarge Tarmac Cement & Lime Ltd,-6.766099999999999,54.61779999949347,3(c)
51.0,061.02965.FACILITY,FR.EEA,FR,2014,CEA,5.720000000000001,45.17999999946318,1(c)
51.9,5175.FACILITY,FR.CAED,FR,2011,STMicroelectronics,5.88449,45.26709999946318,4(b)(i)
52.0,100922003.FACILITY,IT.CAED,IT,2008,GETTI SPECIALI SRL,7.6069,45.00779999946315,2(e)
52.0,200000033.Facility,UK.SEPA,GB,2009,Raytheon Chemical Plant,-3.17004,56.19830999950403,4(b)(v)
52.0,200000033.Facility,UK.SEPA,GB,2010,Raytheon Chemical Plant,-3.17004,56.19830999950403,4(b)(v)
52.0,200000033.Facility,UK.SEPA,GB,2011,Raytheon Chemical Plant,-3.17004,56.19830999950403,4(b)(v)
52.0,200000033.Facility,UK.SEPA,GB,2012,Raytheon Chemical Plant,-3.17004,56.19830999950403,4(b)(v)
52.0,200000033.Facility,UK.SEPA,GB,2013,Raytheon Chemical Plant,-3.17004,56.19830999950403,4(b)(v)
52.0,200000033.Facility,UK.SEPA,GB,2014,Raytheon Chemical Plant,-3.17004,56.19830999950403,4(b)(v)
52.0,200000033.Facility,UK.SEPA,GB,2015,Raytheon Chemical Plant,-3.17004,56.19830999950403,4(b)(v)
52.0,200000033.Facility,UK.SEPA,GB,2016,Raytheon Chemical Plant,-3.17004,56.19830999950403,4(b)(v)
52.0,200000033.Facility,UK.SEPA,GB,2017,"Raytheon Systems,Queensway Ind Est,Glenrothes",-3.17004,56.19830999950403,4(b)(v)
52.3,10743.FACILITY,FR.CAED,FR,2009,Aluminium Dunkerque,2.22,51.00109999947513,2(e)(i)
52.5,000531001.FACILITY,IT.CAED,IT,2019,TIRRENO POWER S.p.A.,11.7654,42.12309999946572,1(c)
53.099998,5175.FACILITY,FR.CAED,FR,2020,ST MICROELECTRONICS,5.88449,45.26709999946318,4(b)(i)
54.0,100629649.FACILITY,HU.OKIR,HU,2018,Gibbs Hungary Die Casting Kft.,19.116274,47.91452899946606,2(e)(ii)
54.0,481231006.FACILITY,IT.CAED,IT,2015,enipower  stabilimento di Ravenna,12.236944,44.44861099946323,1(c)
54.5,4109.FACILITY,FR.CAED,FR,2015,EDF UNITE DE PRODUCTION THERMIQUE DU HAVRE,0.147777777777778,49.47500999946988,1(c)
54.5,5175.FACILITY,FR.CAED,FR,2010,STMicroelectronics,5.88449,45.26709999946318,4(b)(i)
54.5,570162008.FACILITY,IT.CAED,IT,2019,SOLVAY CHIMICA ITALIA S.P.A. ROSIGNANO,10.4739,43.40889999946391,4(b)
54.8,960101002.FACILITY,IT.CAED,IT,2015,IMPIANTO IGCC,15.219444,37.13555499948284,1(c)
55.0,EW_EA-1433.FACILITY,UK.CAED,GB,2010,"Immingham CHP LLP, IMMINGHAM CHP POWER STATION",-0.23947463,53.63656099948769,1(c)
55.4,000137000.FACILITY,ES.CAED,ES,2019,CENTRAL TÉRMICA ALCÚDIA,3.091257,39.81060499947168,1(c)
55.5,481231001.FACILITY,IT.CAED,IT,2017,Enel Produzione S.p.A.,12.266111,44.48444399946322,1(c)
55.8,BE.VL.000000031.FACILITY,https://data.ied_registry.omgeving.vlaanderen.be/id/productionfacility/,BE,2021,3M BELGIUM,4.32906,51.23542,4(a)(ii)
56.0,5175.FACILITY,FR.CAED,FR,2024,STMICROELECTRONICS FRANCE,5.88449,45.2671,4(b)(i)
56.0,960101002.FACILITY,IT.CAED,IT,2017,ISAB S.r.l,15.219444,37.13555499948284,1(c)
56.0,EW_EA-3226.FACILITY,UK.CAED,GB,2014,Philips Electronics Uk Ltd,-2.1423093,53.37661999948626,4(b)
56.0,pf-450-7047053-00000000,https://registry.gdi-de.org/id/de.bw.lubw.inspire.pf/,DE,2023,Solvay Fluor GmbH ,9.17603,49.22965,4(b)
56.400002,5175.FACILITY,FR.CAED,FR,2021,ST MICROELECTRONICS,5.88449,45.26709999946318,4(b)(i)
56.49,960101002.FACILITY,IT.CAED,IT,2019,ISAB S.r.l,15.2022,37.12909999948288,1(c)
58.2,070461001.FACILITY,IT.CAED,IT,2011,Centrale Teromoelettrica di Fiume Santo,8.299166,40.85166599946857,1(c)
58.9,960101002.FACILITY,IT.CAED,IT,2018,ISAB S.r.l,15.2022,37.12909999948288,1(c)
60.0,2007001063.FACILITY,IT.EEA,IT,2010,NUMONYX ITALY SRL,9.333333,45.56666699946329,9(c)
60.0,2007001063.FACILITY,IT.EEA,IT,2011,MICRON SEMICONDUCTOR ITALIA S.r.l.,9.333333,45.56666699946329,9(c)
60.0,2007001063.FACILITY,IT.EEA,IT,2013,"Stabilimento di Agrate (ex Micron, che nei primi 5 mesi del 2013 ha gestito il complesso)",9.333333,45.56666699946329,9(c)
60.0,2007001677.FACILITY,IT.EEA,IT,2011,ENEL PRODUZIONE SPA - CENTRALE DI LERI,8.1925,45.25388899946319,1(c)
60.0,2007001677.FACILITY,IT.EEA,IT,2012,ENEL PRODUZIONE SPA - CENTRALE DI LERI,8.1925,45.25388899946319,1(c)
60.0,pf-450-7047053-00000000,https://registry.gdi-de.org/id/de.bw.lubw.inspire.pf/,DE,2014,Solvay Fluor GmbH,9.17602492831967,49.22964597802314,4(b)
60.0,pf-450-7047053-00000000,https://registry.gdi-de.org/id/de.bw.lubw.inspire.pf/,DE,2016,Solvay Fluor GmbH,9.17602492831967,49.22964597802314,4(b)
60.0,pf-450-7047053-00000000,https://registry.gdi-de.org/id/de.bw.lubw.inspire.pf/,DE,2017,Solvay Fluor GmbH,9.17602492831967,49.22964597802314,4(b)
60.0,pf-450-7047053-00000000,https://registry.gdi-de.org/id/de.bw.lubw.inspire.pf/,DE,2018,Solvay Fluor GmbH,9.17602492831967,49.22964597802314,4(b)
60.0,pf-450-7047053-00000000,https://registry.gdi-de.org/id/de.bw.lubw.inspire.pf/,DE,2019,Solvay Fluor GmbH,9.17602492831967,49.22964597802314,4(b)
60.0,pf-450-7047053-00000000,https://registry.gdi-de.org/id/de.bw.lubw.inspire.pf/,DE,2021,Solvay Fluor GmbH,9.176024928319672,49.22964597855397,4(b)
60.0,pf-450-7047053-00000000,https://registry.gdi-de.org/id/de.bw.lubw.inspire.pf/,DE,2022,Solvay Fluor GmbH,9.176024928319672,49.22964597855397,4(b)
60.2,461001003.FACILITY,IT.CAED,IT,2013,Enipower Mantova - Stabilimento di Mantova,10.834865,45.14957199946317,1(c)
62.599998,5175.FACILITY,FR.CAED,FR,2022,ST MICROELECTRONICS,5.88449,45.2671,4(b)(i)
63.0,2007000906.FACILITY,IT.EEA,IT,2007,Centrale di Piombino - ENEL PRODUZIONE SPA,10.604167,42.95555599946443,1(c)
64.0,481231006.FACILITY,IT.CAED,IT,2013,Enipower Stabilimento di Ravenna,12.236944,44.44861099946323,1(c)
64.0,EW_EA-68.FACILITY,UK.CAED,GB,2009,"INDIAN QUEENS POWER LTD, INDIAN QUEENS PEAK POWER FACILITY",-4.899750000000001,50.39560999947286,1(c)
64.4,960101002.FACILITY,IT.CAED,IT,2024,ISAB S.r.l.-IGCC,15.2022,37.1291,1(c)
65.0,000137000.FACILITY,ES.CAED,ES,2017,CENTRAL TÉRMICA ALCÚDIA,3.091257,39.81060499947168,1(c)
67.0,481231001.FACILITY,IT.CAED,IT,2021,ENEL PRODUZIONE SPA - CENTRALE A CICLO COMBINATO DI PORTO CORSINI,12.2661,44.48439999946321,1(c)
67.6,461001003.FACILITY,IT.CAED,IT,2014,Enipower Mantova - Stabilimento di Mantova,10.834865,45.14957199946317,1(c)
69.65,481231001.FACILITY,IT.CAED,IT,2024,ENEL PRODUZIONE SPA - CENTRALE A CICLO COMBINATO DI PORTO CORSINI,12.2661,44.4844,1(c)
69.7,070461001.FACILITY,IT.CAED,IT,2023,Centrale Fiume Santo,8.2991,40.8516,1(c)
69.8,EW_EA-1433.FACILITY,UK.CAED,GB,2012,Immingham Chp Power Station,-0.23947463,53.63656099948769,1(c)
70.8,000531001.FACILITY,IT.CAED,IT,2014,CENTRALE TORREVALDALIGA SUD,11.768333,42.12111099946572,1(c)
71.7,100629649.FACILITY,HU.OKIR,HU,2023,Hanon Systems Auto Parts Hungary Kft.,19.116274,47.914529,2(e)(ii)
71.9,000531001.FACILITY,IT.CAED,IT,2016,CENTRALE TORREVALDALIGA SUD,11.768333,42.12111099946572,1(c)
72.0,10016482.Facility,SE.CAED,SE,2015,International Aluminium Casting Hultsfred AB,15.83523,57.50838999951394,2(d)
72.0,4109.FACILITY,FR.CAED,FR,2019,EDF UNITE DE PRODUCTION THERMIQUE DU HAVRE,0.13589,49.47342999946987,1(c)
73.0,EW_EA-3226.FACILITY,UK.CAED,GB,2015,Philips Electronics Uk Ltd,-2.1423093,53.37661999948626,5(c)
73.400002,5175.FACILITY,FR.CAED,FR,2023,STMICROELECTRONICS FRANCE,5.88449,45.2671,4(b)(i)
74.3,003530000.FACILITY,ES.CAED,ES,2014,CENTRAL TERMICA DE ANDORRA,-0.380582,40.99710699946819,1(c)
75.0,EW_EA-3226.FACILITY,UK.CAED,GB,2010,"Philips Electronics Uk Ltd, Philips Semiconductors",-2.1423093,53.37661999948626,4(b)
75.6,200000201.Facility,UK.SEPA,GB,2016,Larkfield Electronics Works,-4.83438,55.94379999950224,4(b)(ii)
75.6,200000201.Facility,UK.SEPA,GB,2018,Larkfield Electronics Works,-4.83438,55.94379999950224,4(b)(ii)
76.0,461001003.FACILITY,IT.CAED,IT,2015,ENIPOWER MANTOVA - STABILIMENTO DI MANTOVA,10.834865,45.14957199946317,1(c)
76.25,960101002.FACILITY,IT.CAED,IT,2022,ISAB S.r.l.-IGCC,15.2022,37.12909999948288,1(c)
76.6,4109.FACILITY,FR.CAED,FR,2018,EDF UNITE DE PRODUCTION THERMIQUE DU HAVRE,0.13589,49.47342999946987,1(c)
76.8,100922003.FACILITY,IT.CAED,IT,2009,GETTI SPECIALI SRL,7.6069,45.00779999946315,2(e)
77.0,291211001.FACILITY,IT.CAED,IT,2012,Centrale Termoelettrica di Piacenza,9.708332999999998,45.05416599946314,1(c)
78.0,2007001063.FACILITY,IT.EEA,IT,2008,NUMONYX ITALY SRL,9.333333,45.56666699946329,9(c)
78.0,2007001063.FACILITY,IT.EEA,IT,2012,"Stabilimento di Agrate (ex Micron, che nel 2012 ha gestito il complesso)",9.333333,45.56666699946329,9(c)
78.9,003530000.FACILITY,ES.CAED,ES,2012,CENTRAL TERMICA DE ANDORRA,-0.380582,40.99710699946819,1(c)
79.9,100922003.FACILITY,IT.CAED,IT,2010,GETTI SPECIALI SRL,7.6069,45.00779999946315,2(e)
80.0,06-05-122-0214127.FACILITY,DE.EEA,DE,2009,Pierburg GmbH,6.28644970224283,51.30312170472405,2(e)(ii)
80.0,EW_EA-1023.FACILITY,UK.CAED,GB,2016,Grain Power Station,0.7128199999999999,51.44440999947693,1(c)
80.0,EW_EA-2615.FACILITY,GB.EEA,GB,2010,"Surface Technologies Systems Plc , COEDKERNEW SEMI-CONDUCTOR GROWTH KIT MANUFACTURER",-3.02922,51.5541999994774,4(b)
80.1,P0207.FACILITY,IE.CAED,IE,2016,Intel Ireland Limited,-6.513515000000001,53.37514599948624,9(c)
81.0,S00080,https://registry.gdi-de.org/id/de.by.inspire.pf.ied,DE,2024,RF360 Europe GmbH,11.60833765551296,48.12169503850706,9(c)
83.0,8344.FACILITY,FR.CAED,FR,2014,ALTIS SEMICONDUCTOR,2.474735,48.57027777724527,1(c)
83.5,vl01849940000190.FACILITY,BE.EEA,BE,2012,ON SEMICONDUCTOR BELGIUM,3.5959516,50.85873999947458,2(f)
84.0,pf-450-50901056-00000000,https://registry.gdi-de.org/id/de.bw.lubw.inspire.pf/,DE,2019,Rheinfelden Alloys GmbH & Co. KG,7.798815848593729,47.56706026029629,2(e)(ii)
84.0,pf-450-50901056-00000000,https://registry.gdi-de.org/id/de.bw.lubw.inspire.pf/,DE,2020,Rheinfelden Alloys GmbH & Co. KG,7.798815848593729,47.56706026029629,2(e)(ii)
85.0,000000347.Facility,CH.CAED,CH,2010,Services industriels de Genève - Activité DiE,6.1041,46.20669999946369,1(c)
86.0,200000201.Facility,UK.SEPA,GB,2008,Larkfield Electronics Works,-4.83438,55.94379999950224,4(b)(ii)
86.0,200000201.Facility,UK.SEPA,GB,2009,Larkfield Electronics Works,-4.83438,55.94379999950224,4(b)(ii)
86.1,5175.FACILITY,FR.CAED,FR,2007,STMicroelectronics,5.88449,45.26709999946318,4(b)(i)
88.05,010141001.FACILITY,IT.CAED,IT,2023,Centrale termoelettrica di Montalto di Castro,11.5338,42.3589,1(c)
89.7,000531001.FACILITY,IT.CAED,IT,2015,CENTRALE TORREVALDALIGA SUD,11.768333,42.12111099946572,1(c)
90.0,4109.FACILITY,FR.CAED,FR,2016,EDF UNITE DE PRODUCTION THERMIQUE DU HAVRE,0.147777777777778,49.47500999946988,1(c)
90.1,100629649.FACILITY,HU.OKIR,HU,2019,Hanon Systems Auto Parts Hungary Kft.,19.116274,47.91452899946606,2(e)(ii)
92.0,4109.FACILITY,FR.CAED,FR,2014,EDF UNITE DE PRODUCTION THERMIQUE DU HAVRE,0.147777777777778,49.47500999946988,1(c)
92.1,001983000.FACILITY,ES.CAED,ES,2021,CENTRAL TÉRMICA DE GRANADILLA,-16.573048,28.1221799995527,1(c)
92.2,9479.FACILITY,FR.CAED,FR,2014,SENERVAL,7.78884,48.51839999946735,5(b)
92.4,200291001.FACILITY,IT.CAED,IT,2017,Iren Energia S.p.A.,8.728333,45.52694399946328,1(c)
92.5,000531001.FACILITY,IT.CAED,IT,2018,TIRRENO POWER S.p.A.,11.7654,42.12309999946572,1(c)
92.7,010141001.FACILITY,IT.CAED,IT,2022,Centrale termoelettrica di Montalto di Castro,11.5338,42.35889999946531,1(c)
94.0,000115066.FACILITY,NL.RIVM,NL,2011,Trespa International BV,5.651570000000001,51.2408299994761,4(a)
94.0,73015806,https://registry.gdi-de.org/id/de.sn.sax4inspire.pf,DE,2011,Druckguss Heidenau GmbH Sitz Dohna,13.853244937073,50.96601831971693,2(e)(ii)
94.0,EW_EA-3226.FACILITY,UK.CAED,GB,2008,"Philips Electronics Uk Ltd, Philips Semiconductors",-2.1423093,53.37661999948626,4(b)
94.8,070461001.FACILITY,IT.CAED,IT,2014,Centrale Teromoelettrica di Fiume Santo,8.299166,40.85166599946857,1(c)
95.0,P0207.FACILITY,IE.CAED,IE,2017,Intel Ireland Limited,-6.513515000000001,53.37514599948624,9(c)
95.4,EW_EA-1433.FACILITY,UK.CAED,GB,2015,Immingham Chp Power Station,-0.23947463,53.63656099948769,1(c)
95.7,000531001.FACILITY,IT.CAED,IT,2011,Centrale Termoelettrica Torrevaldaliga Sud,11.768333,42.12111099946572,1(c)
96.0,CZ14070032.FACILITY,CZ.MZP.B642,CZ,2013,ABB s.r.o. PPMV Brno,16.6033333333333,49.15361111058006,4(a)(viii)
96.5,vl01849940000190.FACILITY,BE.EEA,BE,2007,AMI SEMICONDUCTOR BELGIUM,3.587621999999999,50.85579399947456,2(f)
97.0,000000347.Facility,CH.CAED,CH,2008,Services industriels de Genève - Activité DiE,6.1041,46.20669999946369,1(c)
97.5,4109.FACILITY,FR.CAED,FR,2017,EDF UNITE DE PRODUCTION THERMIQUE DU HAVRE,0.147777777777778,49.47500999946988,1(c)
97.6,4109.FACILITY,FR.CAED,FR,2009,EDF UNITE DE PRODUCTION THERMIQUE DU HAVRE,0.147777777777778,49.47500999946988,1(c)
99.2,vl01849940000190.FACILITY,BE.EEA,BE,2009,ON SEMICONDUCTOR BELGIUM,3.587621999999999,50.85579399947456,2(f)
100.0,9988.FACILITY,FR.CAED,FR,2018,JINJIANG SAM,2.22723,44.5590999994632,2(e)(ii)
100.0,vl01849940000190.FACILITY,BE.EEA,BE,2013,ON SEMICONDUCTOR BELGIUM,3.5959516,50.85873999947458,2(f)
102.0,9988.FACILITY,FR.CAED,FR,2017,JINJIANG SAM,2.22723,44.5590999994632,2(e)(ii)
103.0,4109.FACILITY,FR.CAED,FR,2010,EDF UNITE DE PRODUCTION THERMIQUE DU HAVRE,0.147777777777778,49.47500999946988,1(c)
103.0,461001003.FACILITY,IT.CAED,IT,2016,ENIPOWER MANTOVA - STABILIMENTO DI MANTOVA,10.834865,45.14957199946317,1(c)
103.0,vl01849940000190.FACILITY,BE.EEA,BE,2008,ON SEMICONDUCTOR BELGIUM,3.587621999999999,50.85579399947456,2(f)
104.0,000010089.FACILITY,NL.RIVM,NL,2018,Prysmian Netherlands B.V.,4.36453,51.99662999947936,2(e)(ii)
104.0,000010089.FACILITY,NL.RIVM,NL,2019,Prysmian Netherlands B.V.,4.36453,51.99662999947936,2(e)(ii)
104.0,200000033.Facility,UK.SEPA,GB,2007,Raytheon Chemical Plant,-3.17004,56.19830999950403,4(b)(v)
104.0,200000033.Facility,UK.SEPA,GB,2008,Raytheon Chemical Plant,-3.17004,56.19830999950403,4(b)(v)
104.0,EW_EA-3226.FACILITY,UK.CAED,GB,2012,Philips Electronics Uk Ltd,-2.1423093,53.37661999948626,4(b)
105.0,10743.FACILITY,FR.CAED,FR,2020,ALVANCE ALUMINIUM DUNKERQUE SAS,2.22,51.00109999947513,2(e)(i)
105.0,481231001.FACILITY,IT.CAED,IT,2023,ENEL PRODUZIONE SPA - CENTRALE A CICLO COMBINATO DI PORTO CORSINI,12.2661,44.4844,1(c)
106.0,010141001.FACILITY,IT.CAED,IT,2017,Enel Produzione S.p.A.,11.541666,42.3638879994653,1(c)
108.0,003537000.FACILITY,ES.CAED,ES,2015,CENTRAL TÉRMICA LITORAL DE ALMERÍA,-1.903682,36.98018699948364,1(c)
108.0,670512002.FACILITY,IT.CAED,IT,2012,MARSICA INNOVATION & TECHNOLOGY S.R.L.,13.425833,41.99638799946595,1(c)
108.0,EW_EA-3226.FACILITY,UK.CAED,GB,2016,"Philips Electronics Uk Ltd, Philips Semiconductors",-2.1423093,53.37661999948626,5(c)
109.28,191361001.FACILITY,IT.CAED,IT,2021,"Enel Produzione S.P.A. Centrale della Spezia ""Eugenio Montale""",9.872200000000001,44.11109999946338,1(c)
111.0,pf-450-50901056-00000000,https://registry.gdi-de.org/id/de.bw.lubw.inspire.pf/,DE,2018,Rheinfelden Alloys GmbH & Co. KG,7.798815848593729,47.56706026029629,2(e)(ii)
112.0,vl01849940000190.FACILITY,BE.EEA,BE,2015,ON SEMICONDUCTOR BELGIUM,3.5959516,50.85873999947458,2(f)
113.0,000531001.FACILITY,IT.CAED,IT,2010,Centrale Termoelettrica Torrevaldaliga Sud,11.768333,42.12111099946572,1(c)
113.0,1900.FACILITY,FR.CAED,FR,2024,PRYSMIAN CABLES ET SYSTEMES FRANCE,3.28,48.16,2(e)(ii)
114.15,191361001.FACILITY,IT.CAED,IT,2020,"Enel Produzione S.P.A. Centrale della Spezia ""Eugenio Montale""",9.872200000000001,44.11109999946338,1(c)
117.0,4109.FACILITY,FR.CAED,FR,2012,EDF UNITE DE PRODUCTION THERMIQUE DU HAVRE,0.147777777777778,49.47500999946988,1(c)
118.0,BE.VL.000000031.FACILITY,https://data.ied_registry.omgeving.vlaanderen.be/id/productionfacility/,BE,2020,3M BELGIUM,4.329063929399999,51.23542087547606,4(a)(ii)
118.33,P0207.FACILITY,IE.CAED,IE,2024,Intel Ireland Limited,-6.513515,53.375146,9(c)
119.0,481231001.FACILITY,IT.CAED,IT,2008,CENTRALE A CICLO COMBINATO DI PORTO CORSINI,12.266111,44.48444399946322,1(c)
120.0,P0052_04A.FACILITY,UK.CAED,GB,2007,Lafarge Cement (Ireland) Ltd,-6.766099999999999,54.61779999949347,3(c)
121.0,481231001.FACILITY,IT.CAED,IT,2007,CENTRALE A CICLO COMBINATO DI PORTO CORSINI,12.266111,44.48444399946322,1(c)
123.0,10743.FACILITY,FR.CAED,FR,2021,ALVANCE ALUMINIUM DUNKERQUE SAS,2.22,51.00109999947513,2(e)(i)
123.0,EW_EA-12824.FACILITY,UK.CAED,GB,2018,Langage Energy Centre EPR/AP3633BL,-4.0102612,50.38775799947284,1(c)
124.0,2007000906.FACILITY,IT.EEA,IT,2008,Enel Produzione S.p.A. - Centrale di Piombino,10.604167,42.95555599946443,1(c)
125.0,460281001.FACILITY,IT.CAED,IT,2013,CENTRALE TERMOELETTRICA SERMIDE,11.268611,44.98305499946316,1(c)
126.0,EW_EA-1433.FACILITY,UK.CAED,GB,2014,Immingham Chp Power Station,-0.23947463,53.63656099948769,1(c)
127.0,010141001.FACILITY,IT.CAED,IT,2014,ENEL PRODUZIONE SpA - CENTRALE DI MONTALTO DI CASTRO,11.541666,42.3638879994653,1(c)
127.0,EW_EA-1433.FACILITY,UK.CAED,GB,2008,"Immingham CHP LLP, IMMINGHAM CHP POWER STATION",-0.23947463,53.63656099948769,1(c)
129.0,191361001.FACILITY,IT.CAED,IT,2019,Enel Produzione S.p.A.,9.872200000000001,44.11109999946338,1(c)
129.0,4109.FACILITY,FR.CAED,FR,2011,EDF UNITE DE PRODUCTION THERMIQUE DU HAVRE,0.147777777777778,49.47500999946988,1(c)
129.0,EW_EA-12824.FACILITY,UK.CAED,GB,2019,Langage Energy Centre EPR/AP3633BL,-4.0102612,50.38775799947284,1(c)
129.0,vl01849940000190.FACILITY,BE.EEA,BE,2010,ON SEMICONDUCTOR BELGIUM,3.5959516,50.85873999947458,2(f)
130.0,EW_EA-3226.FACILITY,UK.CAED,GB,2011,Philips Electronics UK Ltd,-2.1423093,53.37661999948626,4(b)
130.01,P0605.FACILITY,IE.CAED,IE,2019,Electricity Supply Board (Moneypoint),-9.42322,52.60783199948227,1(c)
131.0,000000347.Facility,CH.CAED,CH,2009,Services industriels de Genève - Activité DiE,6.1041,46.20669999946369,1(c)
131.0,EW_EA-1433.FACILITY,UK.CAED,GB,2016,Immingham Chp Power Station,-0.23947463,53.63656099948769,1(c)
133.0,670512002.FACILITY,IT.CAED,IT,2019,LFoundry S.R.L.,13.4258,41.99639999946595,9(c)
133.0,EW_EA-3226.FACILITY,UK.CAED,GB,2017,Stockport Semiconductor Plant,-2.1423093,53.37661999948626,5(c)
136.4,CZ34736841.FACILITY,CZ.MZP.U422,CZ,2022,Elektrárny Prunéřov,13.25870292,50.41871194,1(c)
138.0,070461001.FACILITY,IT.CAED,IT,2017,Fiume Santo S.p.A.,8.299166,40.85166599946857,1(c)
139.94,070461001.FACILITY,IT.CAED,IT,2018,Fiume Santo S.p.A.,8.299100000000001,40.85159999946858,1(c)
140.0,10743.FACILITY,FR.CAED,FR,2015,Aluminium Dunkerque,2.22,51.00109999947513,2(e)(i)
140.0,10743.FACILITY,FR.CAED,FR,2019,LIBERTY ALUMINIUM DUNKERQUE,2.22,51.00109999947513,2(e)(i)
141.0,EW_EA-68.FACILITY,UK.CAED,GB,2012,Indian Queens Power Ltd,-4.899750000000001,50.39560999947286,1(c)
142.0,EW_EA-3226.FACILITY,UK.CAED,GB,2007,"Philips Electronics Uk Ltd, Philips Semiconductors",-2.1423093,53.37661999948626,4(b)
143.0,070461002.FACILITY,IT.CAED,IT,2014,STABILIMENTO VERSALIS DI PORTO TORRES,8.375833,40.83194399946863,4(a)
143.0,EW_EA-1433.FACILITY,UK.CAED,GB,2018,Immingham CHP Power Station EPR/BJ8022IZ,-0.23947463,53.63656099948769,1(c)
144.0,50000214,https://registry.gdi-de.org/id/de.he.0945.DE7.pf.EU_Industrie,DE,2007,"Volkswagen AG,  Werk Kassel Volkkswagen AG, Werk Kassel",9.4386897017038,51.25436262426585,2(e)(ii)
144.0,670512002.FACILITY,IT.CAED,IT,2016,LFoundry S.R.L.,13.425833,41.99638799946595,9(c)
147.0,670512002.FACILITY,IT.CAED,IT,2010,MICRON TECHNOLOGY ITALIA S.R.L.,13.425833,41.99638799946595,1(c)
147.0,pf-450-7047053-00000000,https://registry.gdi-de.org/id/de.bw.lubw.inspire.pf/,DE,2013,Solvay Fluor GmbH,9.17602492831967,49.22964597802314,4(b)
147.85,010141001.FACILITY,IT.CAED,IT,2018,Enel Produzione S.p.A.,11.5338,42.35889999946531,1(c)
148.0,50000214,https://registry.gdi-de.org/id/de.he.0945.DE7.pf.EU_Industrie,DE,2010,"Volkswagen AG,  Werk Kassel",9.4386897017038,51.25436262426585,2(e)(ii)
148.0,50000214,https://registry.gdi-de.org/id/de.he.0945.DE7.pf.EU_Industrie,DE,2011,"Volkswagen AG,  Werk Kassel",9.4386897017038,51.25436262426585,2(e)(ii)
149.0,8672.FACILITY,FR.CAED,FR,2018,CENTRE CEA PARIS-SACLAY - SITE DE SACLAY,2.11579,48.69514999946777,1(c)
150.0,000115066.FACILITY,NL.RIVM,NL,2009,Trespa International BV,5.651570000000001,51.2408299994761,4(a)
150.0,vl01849940000190.FACILITY,BE.EEA,BE,2014,ON SEMICONDUCTOR BELGIUM,3.5959516,50.85873999947458,2(f)
152.0,481231001.FACILITY,IT.CAED,IT,2009,CENTRALE A CICLO COMBINATO DI PORTO CORSINI,12.266111,44.48444399946322,1(c)
153.0,481231001.FACILITY,IT.CAED,IT,2010,CENTRALE A CICLO COMBINATO DI PORTO CORSINI,12.266111,44.48444399946322,1(c)
153.0,481231001.FACILITY,IT.CAED,IT,2012,CENTRALE A CICLO COMBINATO DI PORTO CORSINI,12.266111,44.48444399946322,1(c)
155.0,10743.FACILITY,FR.CAED,FR,2017,ALUMINIUM DUNKERQUE,2.22,51.00109999947513,2(e)(i)
155.0,200000201.Facility,UK.SEPA,GB,2010,Larkfield Electronics Works,-4.83438,55.94379999950224,4(b)(ii)
160.0,070461001.FACILITY,IT.CAED,IT,2012,Centrale Teromoelettrica di Fiume Santo,8.299166,40.85166599946857,1(c)
160.0,170471001.FACILITY,IT.CAED,IT,2008,Centrale Vado Ligure,8.430833,44.27666599946329,1(c)
160.0,290151001.FACILITY,IT.CAED,IT,2010,ENEL PRODUZIONE SPA - CENTRALE DI LA CASELLA,9.480333000000002,45.09088199946317,1(c)
160.0,460281001.FACILITY,IT.CAED,IT,2012,CENTRALE TERMOELETTRICA SERMIDE,11.268611,44.98305499946316,1(c)
160.0,73015806,https://registry.gdi-de.org/id/de.sn.sax4inspire.pf,DE,2009,Druckguss Heidenau GmbH Sitz Dohna,13.853244937073,50.96601831971693,2(e)(ii)
160.0,CZ0068085E.FACILITY,CZ.MZP.H525,CZ,2018,Tyco Kolmá,15.9386416666667,50.57161111058461,
161.0,481231001.FACILITY,IT.CAED,IT,2011,CENTRALE A CICLO COMBINATO DI PORTO CORSINI,12.266111,44.48444399946322,1(c)
163.1,400351001.FACILITY,IT.CAED,IT,2021,Centrale termoelettrica di Ostiglia,11.1387,45.05929999946316,1(c)
164.0,2007000906.FACILITY,IT.EEA,IT,2009,Enel Produzione S.p.A. - Centrale di Piombino,10.604167,42.95555599946443,1(c)
164.0,670512002.FACILITY,IT.CAED,IT,2011,MICRON TECHNOLOGY ITALIA S.R.L.,13.425833,41.99638799946595,1(c)
166.0,070461002.FACILITY,IT.CAED,IT,2013,STABILIMENTO VERSALIS DI PORTO TORRES,8.375833,40.83194399946863,4(a)
166.0,S00765,https://registry.gdi-de.org/id/de.by.inspire.pf.ied,DE,2008,"Honsel AG, Druckguss Nürnberg, Werk 1",11.06023179138181,49.43136577996746,2(e)(ii)
168.0,070461001.FACILITY,IT.CAED,IT,2013,Centrale Teromoelettrica di Fiume Santo,8.299166,40.85166599946857,1(c)
168.0,481231006.FACILITY,IT.CAED,IT,2011,Enipower Stabilimento di Ravenna,12.236944,44.44861099946323,1(c)
169.0,9479.FACILITY,FR.CAED,FR,2013,SENERVAL,7.78884,48.51839999946735,5(b)
169.0,EW_EA-3226.FACILITY,UK.CAED,GB,2019,Stockport Semiconductor Plant,-2.1423093,53.37661999948626,5(c)
170.0,670512002.FACILITY,IT.CAED,IT,2009,MICRON TECHNOLOGY ITALIA S.R.L.,13.425833,41.99638799946595,1(c)
171.0,9008391860914.FACILITY,AT.CAED,AT,2024,ams-OSRAM AG,15.393722,46.977278,9(c)
171.0,S00080,https://registry.gdi-de.org/id/de.by.inspire.pf.ied,DE,2022,RF360 Europe GmbH,11.60833765551296,48.12169503850706,9(c)
171.0,vl01849940000190.FACILITY,BE.EEA,BE,2011,ON SEMICONDUCTOR BELGIUM,3.5959516,50.85873999947458,2(f)
172.0,10743.FACILITY,FR.CAED,FR,2013,Aluminium Dunkerque,2.22,51.00109999947513,2(e)(i)
172.0,10743.FACILITY,FR.CAED,FR,2018,LIBERTY ALUMINIUM DUNKERQUE,2.22,51.00109999947513,2(e)(i)
172.0,481231006.FACILITY,IT.CAED,IT,2012,Enipower Stabilimento di Ravenna,12.236944,44.44861099946323,1(c)
172.0,EW_EA-1433.FACILITY,UK.CAED,GB,2017,Immingham CHP Power Station ,-0.23947463,53.63656099948769,1(c)
172.5,460281001.FACILITY,IT.CAED,IT,2021,A2A GENCOGAS - CENTRALE TERMOELETTRICA SERMIDE,11.2511,45.02969999946316,1(c)
174.0,070461001.FACILITY,IT.CAED,IT,2010,CENTRALE TERMOELETTRICA DI FIUME SANTO,8.299166,40.85166599946857,1(c)
174.0,4109.FACILITY,FR.CAED,FR,2013,EDF UNITE DE PRODUCTION THERMIQUE DU HAVRE,0.147777777777778,49.47500999946988,1(c)
176.0,10743.FACILITY,FR.CAED,FR,2012,Aluminium Dunkerque,2.22,51.00109999947513,2(e)(i)
177.0,10016482.Facility,SE.CAED,SE,2014,International Aluminium Casting Hultsfred AB,15.83523,57.50838999951394,2(d)
177.0,670512002.FACILITY,IT.CAED,IT,2017,LFoundry S.R.L.,13.425833,41.99638799946595,9(c)
180.0,10743.FACILITY,FR.CAED,FR,2014,Aluminium Dunkerque,2.22,51.00109999947513,2(e)(i)
180.0,CZ0068085E.FACILITY,CZ.MZP.H525,CZ,2019,Tyco Kolmá,15.9386416666667,50.57161111058461,
182.0,191361001.FACILITY,IT.CAED,IT,2018,Enel Produzione S.p.A.,9.872200000000001,44.11109999946338,1(c)
182.2,010141001.FACILITY,IT.CAED,IT,2020,Centrale termoelettrica di Montalto di Castro,11.5338,42.35889999946531,1(c)
186.0,8197.FACILITY,FR.CAED,FR,2023,SILEC CABLE,2.95008,48.38452,2(e)(ii)
186.0,960101002.FACILITY,IT.CAED,IT,2020,ISAB S.r.l.-IGCC,15.2022,37.12909999948288,1(c)
189.0,200000201.Facility,UK.SEPA,GB,2013,Larkfield Electronics Works,-4.83438,55.94379999950224,4(b)(ii)
189.0,200000201.Facility,UK.SEPA,GB,2014,Larkfield Electronics Works,-4.83438,55.94379999950224,4(b)(ii)
191.0,960101002.FACILITY,IT.CAED,IT,2016,IMPIANTO IGCC,15.219444,37.13555499948284,1(c)
193.0,EW_EA-68.FACILITY,UK.CAED,GB,2010,"INDIAN QUEENS POWER LTD, INDIAN QUEENS PEAK POWER FACILITY",-4.899750000000001,50.39560999947286,1(c)
193.421,670512002.FACILITY,IT.CAED,IT,2020,LFOUNDRY  (EX MICRON),13.4258,41.99639999946595,9(c)
196.0,EW_EA-3226.FACILITY,UK.CAED,GB,2018,Stockport Semiconductor Plant,-2.1423093,53.37661999948626,5(c)
200.0,000115066.FACILITY,NL.RIVM,NL,2010,Trespa International BV,5.651570000000001,51.2408299994761,4(a)
201.0,2007000906.FACILITY,IT.EEA,IT,2010,Enel Produzione S.p.A. - Centrale di Piombino,10.604167,42.95555599946443,1(c)
201.0,P0207.FACILITY,IE.CAED,IE,2023,Intel Ireland Limited,-6.513515,53.375146,9(c)
202.0,CZ0068085E.FACILITY,CZ.MZP.H525,CZ,2020,Tyco Kolmá,15.9386416666667,50.57161111058461,
204.0,8344.FACILITY,FR.CAED,FR,2010,ALTIS SEMICONDUCTOR,2.474735,48.57027777724527,1(c)
206.0,191361001.FACILITY,IT.CAED,IT,2017,Enel Produzione S.p.A.,9.872222,44.11111099946336,1(c)
208.0,000000149.Facility,CH.CAED,CH,2016,DGS Druckguss Systeme AG,9.3028,47.40509999946515,2(e)(ii)
210.0,10743.FACILITY,FR.CAED,FR,2016,Aluminium Dunkerque,2.22,51.00109999947513,2(e)(i)
211.0,EW_EA-1433.FACILITY,UK.CAED,GB,2011,IMMINGHAM CHP POWER STATION,-0.23947463,53.63656099948769,1(c)
212.0,9988.FACILITY,FR.CAED,FR,2015,S.A.M Technologies,2.22723,44.5590999994632,2(e)(ii)
213.0,670512002.FACILITY,IT.CAED,IT,2018,LFoundry S.R.L.,13.4258,41.99639999946595,9(c)
219.0,951212006.FACILITY,IT.CAED,IT,2008,sito  di Catania,15.0644,37.43719999948135,9(c)
223.0,670512002.FACILITY,IT.CAED,IT,2008,MICRON TECHNOLOGY ITALIA S.R.L.,13.425833,41.99638799946595,1(c)
223.0,8197.FACILITY,FR.CAED,FR,2024,SILEC CABLE,2.95008,48.38452,2(e)(ii)
225.0,010141001.FACILITY,IT.CAED,IT,2012,ENEL PRODUZIONE SpA - CENTRALE DI MONTALTO DI CASTRO,11.541666,42.3638879994653,1(c)
228.0,9008391860914.FACILITY,AT.CAED,AT,2021,ams-OSRAM AG,15.393722,46.97727799946453,9(c)
230.0,170471001.FACILITY,IT.CAED,IT,2012,Centrale Vado Ligure,8.430833,44.27666599946329,1(c)
230.0,951212006.FACILITY,IT.CAED,IT,2007,sito  di Catania,15.0644,37.43719999948135,9(c)
231.0,070461001.FACILITY,IT.CAED,IT,2007,CENTRALE TERMOELETTRICA DI FIUME SANTO,8.299166,40.85166599946857,1(c)
232.0,200000201.Facility,UK.SEPA,GB,2011,Larkfield Electronics Works,-4.83438,55.94379999950224,4(b)(ii)
234.0,EW_EA-1433.FACILITY,UK.CAED,GB,2013,Immingham Chp Power Station,-0.23947463,53.63656099948769,1(c)
235.0,191361001.FACILITY,IT.CAED,IT,2009,Enel Produzione S.p.A. Centrale della Spezia “Eugenio Montale”,9.872222,44.11111099946336,1(c)
235.0,9988.FACILITY,FR.CAED,FR,2016,S.A.M Technologies,2.22723,44.5590999994632,2(e)(ii)
235.0,EW_EA-2615.FACILITY,GB.EEA,GB,2009,"Surface Technologies Systems Plc , COEDKERNEW SEMI-CONDUCTOR GROWTH KIT MANUFACTURER",-3.02922,51.5541999994774,4(b)
235.0,P0052_04A.FACILITY,UK.CAED,GB,2012,Lafarge Tarmac Cement & Lime Ltd,-6.766099999999999,54.61779999949347,3(c)
237.0,P0207.FACILITY,IE.CAED,IE,2021,Intel Ireland Limited,-6.513515000000001,53.37514599948624,9(c)
239.1,P0207.FACILITY,IE.CAED,IE,2022,Intel Ireland Limited,-6.513515,53.375146,9(c)
240.0,14-50-60533924120.FACILITY,DE.EEA,DE,2007,dgh Druckguss Heidenau GmbH Sitz Dohna,13.8532837430842,50.96601530558979,2(e)(ii)
240.0,191361001.FACILITY,IT.CAED,IT,2015,"Enel Produzione S.P.A. Centrale della Spezia ""Eugenio Montale""",9.872222,44.11111099946336,1(c)
240.0,73015806,https://registry.gdi-de.org/id/de.sn.sax4inspire.pf,DE,2010,Druckguss Heidenau GmbH Sitz Dohna,13.853244937073,50.96601831971693,2(e)(ii)
242.0,P0052_04A.FACILITY,UK.CAED,GB,2008,Lafarge Cement (Ireland) Ltd,-6.766099999999999,54.61779999949347,3(c)
249.0,670512002.FACILITY,IT.CAED,IT,2007,MICRON TECHNOLOGY ITALIA S.R.L.,13.425833,41.99638799946595,1(c)
250.0,1900.FACILITY,FR.CAED,FR,2023,PRYSMIAN CABLES ET SYSTEMES FRANCE,3.28,48.16,2(e)(ii)
250.0,9008391860914.FACILITY,AT.CAED,AT,2022,ams-OSRAM AG,15.393722,46.977278,9(c)
252.0,200000201.Facility,UK.SEPA,GB,2012,Larkfield Electronics Works,-4.83438,55.94379999950224,4(b)(ii)
252.0,vl01849940000190.FACILITY,BE.EEA,BE,2016,ON SEMICONDUCTOR BELGIUM,3.5959516,50.85873999947458,2(f)
253.0,670512002.FACILITY,IT.CAED,IT,2021,LFoundry S.R.L.,13.4258,41.99639999946595,9(c)
254.0,9008391860914.FACILITY,AT.CAED,AT,2023,ams-OSRAM AG,15.393722,46.977278,9(c)
255.0,072.01405.FACILITY,FR.EEA,FR,2011,AUTOLIV ISODELTA,0.11,46.61999999946409,2(e)(ii)
255.0,10016482.Facility,SE.CAED,SE,2016,International Aluminium Casting Hultsfred AB,15.83523,57.50838999951394,2(d)
256.0,9988.FACILITY,FR.CAED,FR,2014,S.A.M Technologies,2.22723,44.5590999994632,2(e)(ii)
257.0,9988.FACILITY,FR.CAED,FR,2011,S.A.M Technologies,2.22723,44.5590999994632,2(e)(ii)
257.0,EW_EA-68.FACILITY,UK.CAED,GB,2011,INDIAN QUEENS PEAK POWER FACILITY,-4.899750000000001,50.39560999947286,1(c)
258.0,EW_EA-2615.FACILITY,GB.EEA,GB,2007,"Surface Technologies Systems Plc , COEDKERNEW SEMI-CONDUCTOR GROWTH KIT MANUFACTURER",-3.029219,51.5541539994774,4(b)
260.0,73015806,https://registry.gdi-de.org/id/de.sn.sax4inspire.pf,DE,2008,dgh Druckguss Heidenau GmbH Sitz Dohna,13.853244937073,50.96601831971693,2(e)(ii)
260.0,P0207.FACILITY,IE.CAED,IE,2015,Intel Ireland Limited,-6.513515000000001,53.37514599948624,9(c)
261.0,S00080,https://registry.gdi-de.org/id/de.by.inspire.pf.ied,DE,2021,RF360 Europe GmbH,11.60833765551296,48.12169503850706,9(c)
263.0,EW_EA-1433.FACILITY,UK.CAED,GB,2019,Immingham CHP Power Station EPR/BJ8022IZ,-0.23947463,53.63656099948769,1(c)
267.0,100922003.FACILITY,IT.CAED,IT,2013,GETTI SPECIALI SRL,7.6069,45.00779999946315,2(e)
269.0,8344.FACILITY,FR.CAED,FR,2015,ALTIS SEMICONDUCTOR,2.474735,48.57027777724527,1(c)
270.0,pf-450-7047053-00000000,https://registry.gdi-de.org/id/de.bw.lubw.inspire.pf/,DE,2011,Solvay Fluor GmbH,9.17602492831967,49.22964597802314,4(b)
272.0,010141001.FACILITY,IT.CAED,IT,2019,Enel Produzione S.p.A.,11.5338,42.35889999946531,1(c)
272.0,9008391860914.FACILITY,AT.CAED,AT,2020,ams-OSRAM AG,15.393722,46.97727799946453,9(c)
275.0,191361001.FACILITY,IT.CAED,IT,2010,Enel Produzione S.p.A. Centrale della Spezia “Eugenio Montale”,9.872222,44.11111099946336,1(c)
278.0,070461001.FACILITY,IT.CAED,IT,2008,CENTRALE TERMOELETTRICA DI FIUME SANTO,8.299166,40.85166599946857,1(c)
280.0,191361001.FACILITY,IT.CAED,IT,2013,Enel Produzione S.p.A. Centrale della Spezia “Eugenio Montale”,9.872222,44.11111099946336,1(c)
284.3,481231001.FACILITY,IT.CAED,IT,2019,Enel Produzione S.p.A.,12.2661,44.48439999946321,1(c)
287.0,010141001.FACILITY,IT.CAED,IT,2013,ENEL PRODUZIONE SpA - CENTRALE DI MONTALTO DI CASTRO,11.541666,42.3638879994653,1(c)
290.0,000138000.FACILITY,ES.CAED,ES,2024,C.D.E. MAÓ,4.259713,39.896436,1(c)
290.0,191361001.FACILITY,IT.CAED,IT,2011,Enel Produzione S.p.A. Centrale della Spezia “Eugenio Montale”,9.872222,44.11111099946336,1(c)
291.7,010141001.FACILITY,IT.CAED,IT,2021,Centrale termoelettrica di Montalto di Castro,11.5338,42.35889999946531,1(c)
300.0,10016482.Facility,SE.CAED,SE,2017,International Aluminium Casting Hultsfred AB,15.83523,57.50838999951394,2(d)
301.0,P0207.FACILITY,IE.CAED,IE,2020,Intel Ireland Limited,-6.513515000000001,53.37514599948624,9(c)
302.0,951212006.FACILITY,IT.CAED,IT,2009,sito di Catania,15.0644,37.43719999948135,9(c)
310.0,070461002.FACILITY,IT.CAED,IT,2012,STABILIMENTO VERSALIS DI PORTO TORRES,8.375833,40.83194399946863,4(a)
310.0,191361001.FACILITY,IT.CAED,IT,2012,Enel Produzione S.p.A. Centrale della Spezia “Eugenio Montale”,9.872222,44.11111099946336,1(c)
310.0,pf-450-7047053-00000000,https://registry.gdi-de.org/id/de.bw.lubw.inspire.pf/,DE,2024,Solvay GmbH ,9.17603,49.22965,4(b)
311.0,8344.FACILITY,FR.CAED,FR,2011,ALTIS SEMICONDUCTOR,2.474735,48.57027777724527,1(c)
311.0,8344.FACILITY,FR.CAED,FR,2012,ALTIS SEMICONDUCTOR,2.474735,48.57027777724527,1(c)
312.0,9008391860914.FACILITY,AT.CAED,AT,2019,Peter Dingsleder,15.393722,46.97727799946453,9(c)
320.0,EW_EA-2615.FACILITY,GB.EEA,GB,2008,"Surface Technologies Systems Plc , COEDKERNEW SEMI-CONDUCTOR GROWTH KIT MANUFACTURER",-3.02922,51.5541999994774,4(b)
330.0,191361001.FACILITY,IT.CAED,IT,2008,Enel Produzione S.p.A. Centrale della Spezia “Eugenio Montale”,9.872222,44.11111099946336,1(c)
330.0,191361001.FACILITY,IT.CAED,IT,2016,"Enel Produzione S.P.A. Centrale della Spezia ""Eugenio Montale""",9.872222,44.11111099946336,1(c)
332.4,960101002.FACILITY,IT.CAED,IT,2023,ISAB S.r.l.-IGCC,15.2022,37.1291,1(c)
334.0,P0207.FACILITY,IE.CAED,IE,2018,Intel Ireland Limited,-6.513515000000001,53.37514599948624,9(c)
337.0,2007001677.FACILITY,IT.EEA,IT,2008,ENEL PRODUZIONE SPA - CENTRALE DI LERI,8.192778000000002,45.25277799946319,1(c)
337.0,481231006.FACILITY,IT.CAED,IT,2009,EniPower Stabilimento di Ravenna,12.236944,44.44861099946323,1(c)
338.0,000138000.FACILITY,ES.CAED,ES,2019,C.D.E. MAÓ,4.259713,39.89643599947139,1(c)
340.0,191361001.FACILITY,IT.CAED,IT,2014,Enel Produzione S.p.A. Centrale della Spezia “Eugenio Montale”,9.872222,44.11111099946336,1(c)
340.0,2007001677.FACILITY,IT.EEA,IT,2007,ENEL PRODUZIONE SPA - CENTRALE DI LERI,8.192778000000002,45.25277799946319,1(c)
341.0,070461001.FACILITY,IT.CAED,IT,2009,CENTRALE TERMOELETTRICA DI FIUME SANTO,8.299166,40.85166599946857,1(c)
348.0,P0207.FACILITY,IE.CAED,IE,2019,Intel Ireland Limited,-6.513515000000001,53.37514599948624,9(c)
350.0,068.02551.FACILITY,FR.EEA,FR,2009,Usine de MARIGNAC,0.6600000000000001,42.88999999946451,2(e)(ii)
352.0,P0052_04A.FACILITY,UK.CAED,GB,2010,Lafarge Cement (Ireland) Ltd,-6.766099999999999,54.61779999949347,3(c)
352.5,481231001.FACILITY,IT.CAED,IT,2022,ENEL PRODUZIONE SPA - CENTRALE A CICLO COMBINATO DI PORTO CORSINI,12.2661,44.48439999946321,1(c)
356.0,000138000.FACILITY,ES.CAED,ES,2020,C.D.E. MAÓ,4.259713,39.89643599947139,1(c)
372.0,9988.FACILITY,FR.CAED,FR,2013,S.A.M Technologies,2.22723,44.5590999994632,2(e)(ii)
376.0,951212006.FACILITY,IT.CAED,IT,2013,sito di Catania,15.0644,37.43719999948135,9(c)
379.85,CZ94069119.FACILITY,CZ.MZP.Z723,CZ,2020,"ON SEMICONDUCTOR CZECH REPUBLIC, s.r.o.",18.1201733388889,49.46269633835873,
380.0,pf-450-7047053-00000000,https://registry.gdi-de.org/id/de.bw.lubw.inspire.pf/,DE,2012,Solvay Fluor GmbH,9.17602492831967,49.22964597802314,4(b)
384.0,110292002.FACILITY,IT.CAED,IT,2009,Magnesium Products of Italy S.r.l.,7.688299999999999,45.66169999946333,2(e)
386.0,000138000.FACILITY,ES.CAED,ES,2023,C.D.E. MAÓ,4.259713,39.896436,1(c)
386.0,010141001.FACILITY,IT.CAED,IT,2010,ENEL PRODUZIONE SpA - CENTRALE DI MONTALTO DI CASTRO,11.541666,42.3638879994653,1(c)
387.0,S00080,https://registry.gdi-de.org/id/de.by.inspire.pf.ied,DE,2020,RF360 Europe GmbH,11.60833765551296,48.12169503797353,9(c)
394.0,951212006.FACILITY,IT.CAED,IT,2012,sito di Catania,15.0644,37.43719999948135,9(c)
396.0,000138000.FACILITY,ES.CAED,ES,2021,C.D.E. MAÓ,4.259713,39.89643599947139,1(c)
400.75,P0605.FACILITY,IE.CAED,IE,2018,Electricity Supply Board (Moneypoint),-9.42322,52.60783199948227,1(c)
408.0,000138000.FACILITY,ES.CAED,ES,2022,C.D.E. MAÓ,4.259713,39.89643599947139,1(c)
422.0,208642004.FACILITY,IT.CAED,IT,2009,STMICROELECTRONICS S.R.L. DI AGRATE BRIANZA,9.3333,45.56669999946329,9(c)
422.06,CZ94069119.FACILITY,CZ.MZP.Z723,CZ,2022,"ON SEMICONDUCTOR CZECH REPUBLIC, s.r.o.",18.12017334,49.46269634,
431.0,951212006.FACILITY,IT.CAED,IT,2010,sito di Catania,15.0644,37.43719999948135,9(c)
432.0,951212006.FACILITY,IT.CAED,IT,2011,sito di Catania,15.0644,37.43719999948135,9(c)
440.0,110292002.FACILITY,IT.CAED,IT,2008,Magnesium Products of Italy S.r.l.,7.688299999999999,45.66169999946333,2(e)
440.0,CZ0068085E.FACILITY,CZ.MZP.H525,CZ,2022,Tyco Kolmá,15.938641666666,50.571611111111,
440.0,Scotland-200.FACILITY,GB.EEA,GB,2007,"Kelvin Electronics Works, East Kilbride",-4.167282,55.74794699950088,4(b)(v)
464.26,CZ94069119.FACILITY,CZ.MZP.Z723,CZ,2019,"ON SEMICONDUCTOR CZECH REPUBLIC, s.r.o.",18.1201733388889,49.46269633835873,
477.0,951212006.FACILITY,IT.CAED,IT,2014,sito di Catania,15.0644,37.43719999948135,9(c)
491.0,9988.FACILITY,FR.CAED,FR,2012,S.A.M Technologies,2.22723,44.5590999994632,2(e)(ii)
510.0,P0207.FACILITY,IE.CAED,IE,2012,Intel Ireland Limited,-6.513515000000001,53.37514599948624,9(c)
520.0,06-09-661-0014-0001.FACILITY,DE.EEA,DE,2012,TRW Automotive Safety Systems GmbH,9.15197293917609,49.96658906186549,2(e)(ii)
540.0,951212006.FACILITY,IT.CAED,IT,2016,Sito di Catania,15.0644,37.43719999948135,9(c)
545.0,CZ0068085E.FACILITY,CZ.MZP.H525,CZ,2021,Tyco Kolmá,15.9386416666667,50.57161111058461,
548.73,CZ94069119.FACILITY,CZ.MZP.Z723,CZ,2018,"ON SEMICONDUCTOR CZECH REPUBLIC, s.r.o.",18.1201733388889,49.46269633835873,
560.0,06-09-661-0014-0001.FACILITY,DE.EEA,DE,2011,TRW Automotive Safety Systems GmbH,9.15197293917609,49.96658906186549,2(e)(ii)
565.0,208642004.FACILITY,IT.CAED,IT,2023,STMcroelectronics srl di Agrate Brianza,9.3333,45.5667,9(c)
579.0,100922003.FACILITY,IT.CAED,IT,2011,GETTI SPECIALI SRL,7.6069,45.00779999946315,2(e)
607.0,100922003.FACILITY,IT.CAED,IT,2012,GETTI SPECIALI SRL,7.6069,45.00779999946315,2(e)
609.0,070461002.FACILITY,IT.CAED,IT,2007,Stabilimento Polimeri Europa di Porto Torres (SS),8.375833,40.83194399946863,4(a)(i)
618.0,06-09-661-0014-0001.FACILITY,DE.EEA,DE,2013,TRW Automotive Safety Systems GmbH,9.15197293917609,49.96658906186549,2(e)(ii)
620.0,010141001.FACILITY,IT.CAED,IT,2011,ENEL PRODUZIONE SpA - CENTRALE DI MONTALTO DI CASTRO,11.541666,42.3638879994653,1(c)
620.0,951212006.FACILITY,IT.CAED,IT,2017,Sito di Catania,15.0644,37.43719999948135,9(c)
640.0,06-09-661-0014-0001.FACILITY,DE.EEA,DE,2007,TRW Automotive Safety Systems GmbH,9.15197293917609,49.96658906186549,2(e)(ii)
640.0,10016482.Facility,SE.CAED,SE,2009,Finnveden Gjutal AB,15.83523,57.50838999951394,2(d)
660.0,06-09-661-0014-0001.FACILITY,DE.EEA,DE,2009,TRW Automotive Safety Systems GmbH,9.15197293917609,49.96658906186549,2(e)(ii)
660.0,06-09-661-0014-0001.FACILITY,DE.EEA,DE,2010,TRW Automotive Safety Systems GmbH,9.15197293917609,49.96658906186549,2(e)(ii)
674.0,8344.FACILITY,FR.CAED,FR,2013,ALTIS SEMICONDUCTOR,2.474735,48.57027777724527,1(c)
675.29,CZ94069119.FACILITY,CZ.MZP.Z723,CZ,2021,"ON SEMICONDUCTOR CZECH REPUBLIC, s.r.o.",18.1201733388889,49.46269633835873,
680.0,06-09-661-0014-0001.FACILITY,DE.EEA,DE,2008,TRW Automotive Safety Systems GmbH,9.15197293917609,49.96658906186549,2(e)(ii)
686.0,10016482.Facility,SE.CAED,SE,2012,Finnveden Gjutal AB,15.83523,57.50838999951394,2(d)
698.0,070461002.FACILITY,IT.CAED,IT,2011,STABILIMENTO VERSALIS DI PORTO TORRES,8.375833,40.83194399946863,4(a)
703.0,208642004.FACILITY,IT.CAED,IT,2010,STMICROELECTRONICS S.R.L. DI AGRATE BRIANZA,9.3333,45.56669999946329,9(c)
731.0,110292002.FACILITY,IT.CAED,IT,2010,Brabant Alucast Italy site VERRES srl a s.u.,7.688299999999999,45.66169999946333,2(e)
737.0,10016482.Facility,SE.CAED,SE,2011,Finnveden Gjutal AB,15.83523,57.50838999951394,2(d)
754.0,P0207.FACILITY,IE.CAED,IE,2011,Intel Ireland Limited,-6.513515000000001,53.37514599948624,9(c)
760.0,191361001.FACILITY,IT.CAED,IT,2007,Enel Produzione S.p.A. Centrale della Spezia “Eugenio Montale”,9.872222,44.11111099946336,1(c)
785.0,P0207.FACILITY,IE.CAED,IE,2013,Intel Ireland Limited,-6.513515000000001,53.37514599948624,9(c)
792.0,208642004.FACILITY,IT.CAED,IT,2008,STMICROELECTRONICS S.R.L. DI AGRATE BRIANZA,9.3333,45.56669999946329,9(c)
792.0,8197.FACILITY,FR.CAED,FR,2022,SILEC CABLE,2.95008,48.38452,2(e)(ii)
800.0,10016482.Facility,SE.CAED,SE,2010,Finnveden Gjutal AB,15.83523,57.50838999951394,2(d)
831.0,8197.FACILITY,FR.CAED,FR,2020,SILEC CABLE,2.94523,48.38383999946704,2(e)(ii)
840.0,Scotland-200.FACILITY,GB.EEA,GB,2008,"Kelvin Electronics Works, East Kilbride",-4.16728,55.74789999950087,4(b)(v)
847.0,P0207.FACILITY,IE.CAED,IE,2007,Intel Ireland Limited,-6.513515000000001,53.37514599948624,9(c)
865.0,070461002.FACILITY,IT.CAED,IT,2010,Stabilimento Polimeri Europa di Porto Torres (SS),8.375833,40.83194399946863,4(a)
866.0,268361001.FACILITY,IT.CAED,IT,2009,CENTRALE TEMOELETTRICA DI TAVAZZANO E MONTANASO LOMBARDO,9.436497,45.33126999946322,1(c)
869.0,9988.FACILITY,FR.CAED,FR,2010,S.A.M Technologies,2.22723,44.5590999994632,2(e)(ii)
880.0,8197.FACILITY,FR.CAED,FR,2021,SILEC CABLE,2.94523,48.38383999946704,2(e)(ii)
912.0,P0052_04A.FACILITY,UK.CAED,GB,2011,Lafarge Cement (Ireland) Ltd,-6.766099999999999,54.61779999949347,3(c)
929.0,S00080,https://registry.gdi-de.org/id/de.by.inspire.pf.ied,DE,2018,RF360 Europe GmbH,11.60833765551296,48.12169503797353,9(c)
931.0,P0207.FACILITY,IE.CAED,IE,2010,Intel Ireland Limited,-6.513515000000001,53.37514599948624,9(c)
950.0,208642004.FACILITY,IT.CAED,IT,2022,STMcroelectronics srl di Agrate Brianza,9.3333,45.56669999946329,9(c)
954.0,208642004.FACILITY,IT.CAED,IT,2021,STMcroelectronics srl di Agrate Brianza,9.3333,45.56669999946329,9(c)
960.0,061.04306.FACILITY,FR.EEA,FR,2014,Alstom Grid Products/GIS/BHT-FSA,5.900000000000001,45.68999999946335,2(f)
970.0,670512002.FACILITY,IT.CAED,IT,2013,LFOUNDRY S.R.L.,13.425833,41.99638799946595,1(c)
970.0,670512002.FACILITY,IT.CAED,IT,2014,LFOUNDRY S.R.L.,13.425833,41.99638799946595,1(c)
992.0,951212006.FACILITY,IT.CAED,IT,2024,Sito di Catania,15.064444,37.437222,9(c)
1000.0,8197.FACILITY,FR.CAED,FR,2013,SILEC CABLE,2.94523,48.38383999946704,2(e)(ii)
1001.0,208642004.FACILITY,IT.CAED,IT,2024,STMcroelectronics srl di Agrate Brianza,9.3333,45.5667,9(c)
1010.0,061.04306.FACILITY,FR.EEA,FR,2010,Alstom Grid Products/GIS/BHT-FSA,5.900000000000001,45.68999999946335,2(f)
1010.0,061.04306.FACILITY,FR.EEA,FR,2011,Alstom Grid Products/GIS/BHT-FSA,5.900000000000001,45.68999999946335,2(f)
1010.0,208642004.FACILITY,IT.CAED,IT,2014,STMICROELECTRONICS S.R.L. DI AGRATE BRIANZA,9.3333,45.56669999946329,9(c)
1032.0,670512002.FACILITY,IT.CAED,IT,2022,LFoundry S.R.L.,13.4258,41.99639999946595,9(c)
1040.0,208642004.FACILITY,IT.CAED,IT,2007,STMICROELECTRONICS S.R.L. DI AGRATE BRIANZA,9.3333,45.56669999946329,9(c)
1050.0,1900.FACILITY,FR.CAED,FR,2017,ETABLISSEMENT DE GRON,3.28,48.15999999946655,2(e)(ii)
1050.0,1900.FACILITY,FR.CAED,FR,2020,PRYSMIAN,3.28,48.15999999946655,2(e)(ii)
1090.0,000000149.Facility,CH.CAED,CH,2009,DGS Druckguss Systeme AG,9.3028,47.40509999946515,2(e)(ii)
1110.0,070461002.FACILITY,IT.CAED,IT,2009,Stabilimento Polimeri Europa di Porto Torres (SS),8.375833,40.83194399946863,4(a)
1120.0,10016482.Facility,SE.CAED,SE,2008,Finnveden Gjutal AB,15.83523,57.50838999951394,2(d)
1130.0,EW_EA-16614.FACILITY,UK.CAED,GB,2016,Magnesium Elektron,-2.3124935,53.52379699948706,2(e)
1140.0,000000149.Facility,CH.CAED,CH,2011,DGS Druckguss Systeme AG,9.3028,47.40509999946515,2(e)(ii)
1160.0,000000149.Facility,CH.CAED,CH,2008,DGS Druckguss Systeme AG,9.3028,47.40509999946515,2(e)(ii)
1160.0,EW_EA-16614.FACILITY,UK.CAED,GB,2015,Magnesium Elektron,-2.3124935,53.52379699948706,2(e)
1170.0,061.04306.FACILITY,FR.EEA,FR,2012,Alstom Grid Products/GIS/BHT-FSA,5.900000000000001,45.68999999946335,2(f)
1200.0,8197.FACILITY,FR.CAED,FR,2015,SILEC CABLE,2.94523,48.38383999946704,2(e)(ii)
1209.0,670512002.FACILITY,IT.CAED,IT,2023,LFoundry S.R.L.,13.4258,41.9964,9(c)
1250.0,1900.FACILITY,FR.CAED,FR,2018,ETABLISSEMENT DE GRON,3.28,48.15999999946655,2(e)(ii)
1260.0,8197.FACILITY,FR.CAED,FR,2014,SILEC CABLE,2.94523,48.38383999946704,2(e)(ii)
1270.0,EW_EA-16614.FACILITY,UK.CAED,GB,2014,Magnesium Elektron,-2.3124935,53.52379699948706,2(e)
1300.0,8197.FACILITY,FR.CAED,FR,2016,SILEC CABLE,2.94523,48.38383999946704,2(e)(ii)
1300.0,P0207.FACILITY,IE.CAED,IE,2008,Intel Ireland Limited,-6.513515000000001,53.37514599948624,9(c)
1310.0,208642004.FACILITY,IT.CAED,IT,2013,STMICROELECTRONICS S.R.L. DI AGRATE BRIANZA,9.3333,45.56669999946329,9(c)
1350.0,1900.FACILITY,FR.CAED,FR,2019,ETABLISSEMENT DE GRON,3.28,48.15999999946655,2(e)(ii)
1350.0,1900.FACILITY,FR.CAED,FR,2021,PRYSMIAN,3.28,48.15999999946655,2(e)(ii)
1390.0,000000149.Facility,CH.CAED,CH,2010,DGS Druckguss Systeme AG,9.3028,47.40509999946515,2(e)(ii)
1390.0,208642004.FACILITY,IT.CAED,IT,2018,STMcroelectronics srl di Agrate Brianza,9.3333,45.56669999946329,9(c)
1410.0,070461002.FACILITY,IT.CAED,IT,2008,Stabilimento Polimeri Europa di Porto Torres (SS),8.375833,40.83194399946863,4(a)
1420.0,9988.FACILITY,FR.CAED,FR,2009,S.A.M Technologies,2.22723,44.5590999994632,2(e)(ii)
1430.0,061.04306.FACILITY,FR.EEA,FR,2009,AREVA T&D Products/GIS/BHT-FSA,5.900000000000001,45.68999999946335,2(f)
1440.0,000000149.Facility,CH.CAED,CH,2007,DGS Druckguss Systeme AG,9.3028,47.40509999946515,2(e)(ii)
1450.0,208642004.FACILITY,IT.CAED,IT,2012,STMICROELECTRONICS S.R.L. DI AGRATE BRIANZA,9.3333,45.56669999946329,9(c)
1460.0,pf-450-7047053-00000000,https://registry.gdi-de.org/id/de.bw.lubw.inspire.pf/,DE,2010,Solvay Fluor GmbH,9.17602492831967,49.22964597802314,4(b)
1510.0,000000149.Facility,CH.CAED,CH,2012,DGS Druckguss Systeme AG,9.3028,47.40509999946515,2(e)(ii)
1510.0,000000149.Facility,CH.CAED,CH,2015,DGS Druckguss Systeme AG,9.3028,47.40509999946515,2(e)(ii)
1510.0,E6_600.FACILITY,UK.LAED,GB,2011,Meridian Lightweight Technologies UK,-1.28028,53.11469999948486,2(e)(ii)
1520.0,061.04306.FACILITY,FR.EEA,FR,2013,Alstom Grid Products/GIS/BHT-FSA,5.900000000000001,45.68999999946335,2(f)
1547.0,208642004.FACILITY,IT.CAED,IT,2019,STMcroelectronics srl di Agrate Brianza,9.3333,45.56669999946329,9(c)
1560.0,208642004.FACILITY,IT.CAED,IT,2011,STMICROELECTRONICS S.R.L. DI AGRATE BRIANZA,9.3333,45.56669999946329,9(c)
1560.0,P0207.FACILITY,IE.CAED,IE,2009,Intel Ireland Limited,-6.513515000000001,53.37514599948624,9(c)
1598.7,670512002.FACILITY,IT.CAED,IT,2024,LFoundry S.R.L.,13.4258,41.9964,9(c)
1600.0,1900.FACILITY,FR.CAED,FR,2015,Etablissement de Gron,3.28,48.15999999946655,2(e)(ii)
1630.0,208642004.FACILITY,IT.CAED,IT,2016,STMcroelectronics srl di Agrate Brianza,9.3333,45.56669999946329,9(c)
1640.0,8197.FACILITY,FR.CAED,FR,2018,SILEC CABLE,2.94523,48.38383999946704,2(e)(ii)
1680.0,8197.FACILITY,FR.CAED,FR,2019,SILEC CABLE,2.94523,48.38383999946704,2(e)(ii)
1700.0,EW_EA-16614.FACILITY,UK.CAED,GB,2013,Magnesium Elektron,-2.3124935,53.52379699948706,2(e)
1750.0,1900.FACILITY,FR.CAED,FR,2014,Etablissement de Gron,3.28,48.15999999946655,2(e)(ii)
1753.474,208642004.FACILITY,IT.CAED,IT,2020,STMcroelectronics srl di Agrate Brianza,9.3333,45.56669999946329,9(c)
1820.0,072.01405.FACILITY,FR.EEA,FR,2009,AUTOLIV ISODELTA,0.11,46.61999999946409,2(e)(ii)
1850.0,EW_EA-1739.FACILITY,UK.CAED,GB,2012,Magnesium Elektron,-2.3597613,53.512607999487,2(e)
1870.0,000000149.Facility,CH.CAED,CH,2014,DGS Druckguss Systeme AG,9.3028,47.40509999946515,2(e)(ii)
1900.0,1900.FACILITY,FR.CAED,FR,2012,Etablissement de Gron,3.28,48.15999999946655,2(e)(ii)
1900.0,EW_EA-1739.FACILITY,UK.CAED,GB,2009,"Magnesium Elektron Ltd, Swinton Speciality Chemicals Plant",-2.3597613,53.512607999487,2(e)
1940.0,S00080,https://registry.gdi-de.org/id/de.by.inspire.pf.ied,DE,2019,RF360 Europe GmbH,11.60833765551296,48.12169503797353,9(c)
1950.0,1900.FACILITY,FR.CAED,FR,2013,Etablissement de Gron,3.28,48.15999999946655,2(e)(ii)
1970.0,8197.FACILITY,FR.CAED,FR,2007,SILEC CABLE,2.94523,48.38383999946704,2(e)(ii)
1990.0,EW_EA-16614.FACILITY,UK.CAED,GB,2019,Magnesium Elektron Ltd EPR/LP3536GQ,-2.3124935,53.52379699948706,2(e)
2000.0,1900.FACILITY,FR.CAED,FR,2011,Etablissement de Gron,3.28,48.15999999946655,2(e)(ii)
2030.0,061.04306.FACILITY,FR.EEA,FR,2007,AREVA GIS,5.900000000000001,45.68999999946335,2(f)
2030.0,072.01405.FACILITY,FR.EEA,FR,2010,AUTOLIV ISODELTA,0.11,46.61999999946409,2(e)(ii)
2050.0,9988.FACILITY,FR.CAED,FR,2008,S.A.M Technologies,2.22723,44.5590999994632,2(e)(ii)
2060.0,8197.FACILITY,FR.CAED,FR,2012,SILEC CABLE,2.94523,48.38383999946704,2(e)(ii)
2100.0,208642004.FACILITY,IT.CAED,IT,2017,STMcroelectronics srl di Agrate Brianza,9.3333,45.56669999946329,9(c)
2140.0,9988.FACILITY,FR.CAED,FR,2007,S.A.M Technologies,2.22723,44.5590999994632,2(e)(ii)
2180.0,000000149.Facility,CH.CAED,CH,2013,DGS Druckguss Systeme AG,9.3028,47.40509999946515,2(e)(ii)
2260.0,110292002.FACILITY,IT.CAED,IT,2007,Magnesium Products of Italy S.r.l.,7.688299999999999,45.66169999946333,2(e)
2300.0,1900.FACILITY,FR.CAED,FR,2016,Etablissement de Gron,3.28,48.15999999946655,2(e)(ii)
2320.0,072.01405.FACILITY,FR.EEA,FR,2008,AUTOLIV ISODELTA,0.11,46.61999999946409,2(e)(ii)
2340.0,06-05-122-0214127.FACILITY,DE.EEA,DE,2007,Pierburg GmbH,6.277036705416611,51.30385645038364,2(e)(ii)
2440.0,8197.FACILITY,FR.CAED,FR,2017,SILEC CABLE,2.94523,48.38383999946704,2(e)(ii)
2440.0,EW_EA-1739.FACILITY,UK.CAED,GB,2008,"Magnesium Elektron Ltd, Swinton Speciality Chemicals Plant",-2.3597613,53.512607999487,4(b)
2540.0,061.04306.FACILITY,FR.EEA,FR,2008,AREVA GIS,5.900000000000001,45.68999999946335,2(f)
2550.0,06-05-122-0214127.FACILITY,DE.EEA,DE,2008,Pierburg GmbH,6.28644970224283,51.30312170472405,2(e)(ii)
2560.0,8197.FACILITY,FR.CAED,FR,2011,SILEC CABLE,2.94523,48.38383999946704,2(e)(ii)
2580.0,EW_EA-16614.FACILITY,UK.CAED,GB,2017,Magnesium Elektron Ltd ,-2.3124935,53.52379699948706,2(e)
2730.0,pf-450-7047053-00000000,https://registry.gdi-de.org/id/de.bw.lubw.inspire.pf/,DE,2009,Solvay Fluor GmbH,9.17602492831967,49.22964597802314,4(b)
3210.0,1900.FACILITY,FR.CAED,FR,2010,Etablissement de Gron,3.28,48.15999999946655,2(e)(ii)
3480.0,10016482.Facility,SE.CAED,SE,2007,Finnveden Gjutal AB,15.83523,57.50838999951394,2(d)
3990.0,S00765,https://registry.gdi-de.org/id/de.by.inspire.pf.ied,DE,2007,"Honsel AG, Druckguss Nürnberg, Werk 1",11.06023179138181,49.43136577996746,2(e)(ii)
4000.0,1900.FACILITY,FR.CAED,FR,2009,Etablissement de Gron,3.28,48.15999999946655,2(e)(ii)
4080.0,EW_EA-1739.FACILITY,UK.CAED,GB,2010,"Magnesium Elektron Ltd, Swinton Speciality Chemicals Plant",-2.3597613,53.512607999487,2(e)
4200.0,pf-450-7047053-00000000,https://registry.gdi-de.org/id/de.bw.lubw.inspire.pf/,DE,2008,Solvay Fluor GmbH,9.17602492831967,49.22964597802314,4(b)(i)
4300.0,EW_EA-1739.FACILITY,UK.CAED,GB,2007,"Magnesium Elektron Ltd, Swinton Speciality Chemicals Plant",-2.3597613,53.512607999487,4(b)
4700.0,pf-450-7047053-00000000,https://registry.gdi-de.org/id/de.bw.lubw.inspire.pf/,DE,2007,Solvay Fluor GmbH,9.17602492831967,49.22964597802314,4(b)(i)
4860.0,EW_EA-16614.FACILITY,UK.CAED,GB,2018,Magnesium Elektron Ltd EPR/LP3536GQ,-2.3124935,53.52379699948706,2(e)
62100.0,570297-2609,IS.CAED,IS,2011,Norðurál Grundartanga,-21.773782,64.3638359995817,2(e)(i)
